Product - Technology,Buzzwords, 
ArcGIS Business Analyst Mobile App - Online,Demographics; Geo-Enrichment; Territory design; Business Locations; Drive times; Reports; Trade Areas; Community Analyst Online; Fusion reports; Tapestry; Model Builder, 
ArcGIS Online (Esri Admin Workflows) - Desktop,Arcade; ArcToolbox; Attribute Assistant; Bing; Buffer; Crashes; Creating and editing Attributes; Data driven pages; Geodatabases; Domains/Subtypes; Geocoding/Address Locator; Geoprocessing; Metadata; Model Builder; Python; XY Coordinates, 
ArcGIS API for JavaScript - Online,Jupyter; Notebooks, 
ArcGIS API for JavaScript - Enterprise,Jupyter; Notebooks, 
ArcGIS API for Python - Desktop,ArcMap or ArcGIS Pro - Business Analyst, 
ArcGIS 3D Analyst - Desktop,ArcMap or ArcGIS Pro - 3D Analyst extension, 
ArcGIS 3D Analyst - Enterprise,ArcGIS Server - 3D Analyst extension, 
ArcGIS Business Analyst Desktop - Enterprise,ArcGIS Enterprise - Business Analyst Server Role, 
ArcGIS Community Analyst - Desktop,ArcMap and ArcGIS Pro - Data Interopability extension; Workbench; FME; Safe software, 
ArcGIS Data Interoperability - Desktop,ArcMap or ArcGIS Pro - Data Reviewer extension, 
ArcGIS Data Reviewer - Desktop,ArcMap; ArcCatalog - ArcToolbox; Attribute Assistant; Bing; Buffer; Crashes; Creating and editing Attributes; Data driven pages; Geodatabases; Domains/Subtypes; Geocoding/Address Locator; Geoprocessing; Metadata; Model Builder; Python; XY; Raster, 
ArcGIS Community Analyst - Enterprise,ArcGIS Server - Data Interopability extension; Workbench; FME; Safe software, 
ArcGIS Data Interoperability - Enterprise,ArcGIS Server - Data Reviewer extension, 
ArcGIS Engine - Enterprise,ArcGIS GIS Server; Portal for ArcGIS; ArcGIS Data Store; Web Adaptor; publishing; sharing; consuming services; hosted feature layers; register data store; federation; REST; Python; geoprocessing services, 
ArcGIS for INSPIRE - Data Management,ArcMap or ArcGIS Pro - SQL Server; Oracle; PostgreSQL; SAP HANA; Connecting; Administering; Editing; Versioning; Reconcile/Post; Views; Query Layers; Locks; Indexes, 
ArcGIS for Personal Use - Data Management,ArcMap or ArcGIS Pro - SQL Server; Oracle; PostgreSQL; SAP HANA; Connecting; Administering; Editing; Versioning; Reconcile/Post; Views; Query Layers; Locks; Indexes, 
ArcGIS Workflow Manager - Data Management,ArcMap or ArcGIS Pro - SQL Server; Oracle; PostgreSQL; SAP HANA; Connecting; Administering; Editing; Versioning; Reconcile/Post; Views; Query Layers; Locks; Indexes, 
ArcGIS for Aviation: Charting - Data Management,ArcMap or ArcGIS Pro - SQL Server; Oracle; PostgreSQL; SAP HANA; Connecting; Administering; Editing; Versioning; Reconcile/Post; Views; Query Layers; Locks; Indexes, 
ArcGIS for Defense - Data Management,ArcGIS Server - SQL Server; Oracle; PostgreSQL; SAP HANA; Connecting; Feature Services; Replication; Offline Editing; Geometric or Utility Network; Parcel Fabric; Branch Versioning, 
ArcGIS for Electric Utilities - Data Management,ArcMap or ArcGIS Pro - SQL Server; Oracle; PostgreSQL; SAP HANA; Connecting; Administering; Editing; Versioning; Reconcile/Post; Views; Query Layers; Locks; Indexes, 
ArcGIS for Emergency Management - Data Management,ArcGIS Server - SQL Server; Oracle; PostgreSQL; SAP HANA; Connecting; Feature Services; Replication; Offline Editing; Geometric or Utility Network; Parcel Fabric; Branch Versioning, 
ArcGIS for Student Use - Data Management,ArcMap or ArcGIS Pro - SQL Server; Oracle; PostgreSQL; SAP HANA; Connecting; Administering; Editing; Versioning; Reconcile/Post; Views; Query Layers; Locks; Indexes, 
ArcGIS for Telecommunications - Data Management,ArcGIS Server - SQL Server; Oracle; PostgreSQL; SAP HANA; Connecting; Feature Services; Replication; Offline Editing; Geometric or Utility Network; Parcel Fabric; Branch Versioning, 
ArcGIS Network Analyst - Online,Arcade; Basic Viewer Web App; Credit Refund Request; Hosted Feature Service; Journal/Cascade; Online Map Publishing; Open Data Site; Solutions; Story Maps; Widgets, 
ArcGIS Notebook Server - Online,URL Switch; Administrator Switch; Administrator Password Reset, 
ArcGIS Mission - Desktop,ArcMap or ArcGIS Pro - Network Analyst extension, 
ArcGIS Mission - Enterprise,ArcGIS Server - Network Analyst extension, 
ArcGIS Monitor - Enterprise,ArcGIS Server - Notebook Server, 
ArcGIS Full Motion Video - Enterprise,ArcGIS Enterprise - GeoAnalytics Server Role or Extension, 
ArcGIS GeoAnalytics Server - Enterprise,ArcGIS Enterprise - GeoEvent Server Role or Extension, 
ArcGIS GeoEvent Server - Desktop,ArcMap or ArcGIS Pro - Geostatistical Analyst extension, 
ArcGIS GeoEvent Server - Enterprise,ArcGIS Server - Geostatistical Analyst extension, 
ArcGIS Hub - Desktop,ArcMap or ArcGIS Pro - Image Analyst extension, 
ArcGIS Hub - Enterprise,ArcGIS Server - Image Analyst extension, 
ArcGIS Image Analyst - Enterprise,ArcGIS Enterprise - Image Server Role, 
ArcGIS Open Data - Online,Sharing; Editing; Layers; Services; and Basemaps from ArcGIS Online, 
ArcGIS Online (Service Disruptions) - Desktop,ArcMap or ArcGIS Pro - Pipeline Referencing extension, 
ArcGIS Online (Service Disruptions) - Enterprise,ArcGIS Server - Pipeline Referencing extension, 
ArcGIS Open Data - Desktop,Arcade; ArcToolbox; Attribute Assistant; Bing; Buffer; Crashes; Creating and editing Attributes; Data driven pages; Geodatabases; Domains/Subtypes; Geocoding/Address Locator; Geoprocessing; Metadata; Model Builder; Python; XY; Raster, 
ArcGIS Open Data - Enterprise,Sharing; Editing; Layers; Services; and Basemaps from ArcGIS Enterprise, 
Esri Demographics - Desktop,ArcMap or ArcGIS Pro - Production Mapping extension, 
Esri Production Mapping - Desktop,ArcMap or ArcGIS Pro - Roads & Highways extension, 
Esri Production Mapping - Enterprise,ArcGIS Server - Roads & Highways extension, 
ArcGIS Runtime SDKs - Desktop,ArcMap or ArcGIS Pro - Spatial Analyst extension, 
ArcGIS Runtime SDKs - Enterprise,ArcGIS Server - Spatial Analyst extension, 
ArcGIS for Local Government - Desktop,ArcMap or ArcGIS Pro - Maritime extension, 
ArcGIS for Local Government - Enterprise,ArcGIS Server - Maritime extension, 
ArcGIS for Maritime: Bathymetry - Desktop,ArcMap or ArcGIS Pro - Maritime extension, 
ArcGIS for Maritime: Bathymetry - Enterprise,ArcGIS Server - Maritime extension, 
ArcGIS for Maritime: Charting - Desktop,ArcMap or ArcGIS Pro - Maritime extension, 
ArcGIS for Maritime: Charting - Enterprise,ArcGIS Server - Maritime extension, 
ArcGIS for AutoCAD - Desktop,ArcMap or ArcGIS Pro - Aviation extension, 
ArcGIS for AutoCAD - Enterprise,ArcGIS Server - Aviation extension, 
ArcGIS for Aviation: Airports - Desktop,ArcMap or ArcGIS Pro - Aviation extension, 
ArcGIS for Aviation: Airports - Enterprise,ArcGIS Server - Aviation extension, 
ArcGIS Workflow Manager - Desktop,ArcMap or ArcGIS Pro - Python; ArcPy; Python Add-ins; Python Toolboxes, 
ArcGIS Workflow Manager - Enterprise,ArcGIS Server - Python; ArcPy; Python Add-ins; Python Toolboxes; Geoprocessing Services, 
ArcGIS Full Motion Video - Implementation,ArcGIS Enterprise Builder; Cloud (Azure/AWS); Installation; Licensing; Chef; PowerShell DSC, 
ArcGIS GeoAnalytics Server - Implementation,ArcGIS Enterprise Builder; Cloud (Azure/AWS); Installation; Licensing; Chef; PowerShell DSC, 
ArcGIS Image Analyst - Implementation,ArcGIS Enterprise Builder; Cloud (Azure/AWS); Installation; Licensing; Chef; PowerShell DSC, 
ArcGIS Maps for SharePoint - Implementation,ArcGIS Enterprise Builder; Cloud (Azure/AWS); Installation; Licensing; Chef; PowerShell DSC, 
ArcGIS Engine - Data Management,ArcGIS Server - SQL Server; Oracle; PostgreSQL; SAP HANA; Connecting; Feature Services; Replication; Offline Editing; Geometric or Utility Network; Parcel Fabric; Branch Versioning, 
ArcGIS Engine - Implementation,ArcGIS Enterprise Builder; Cloud (Azure/AWS); Installation; Licensing; Chef; PowerShell DSC, 
ArcGIS API for Python - Implementation,Installation; Esri License Manager; Single-Use and Concurrent Licensing; Configuration, 
ArcGIS Business Analyst Desktop - Implementation,ArcGIS Enterprise Builder; Cloud (Azure/AWS); Installation; Licensing; Chef; PowerShell DSC, 
ArcGIS Data Reviewer - Data Management,ArcMap or ArcGIS Pro - SQL Server; Oracle; PostgreSQL; SAP HANA; Connecting; Administering; Editing; Versioning; Reconcile/Post; Views; Query Layers; Locks; Indexes, 
ArcGIS Data Reviewer - Implementation,Installation; Esri License Manager; Single-Use and Concurrent Licensing; Configuration, 
ArcGIS Network Analyst - Implementation,Subscription Activation; Account Generation; User Types and Apps, 
ArcGIS Open Data - Data Management,ArcMap or ArcGIS Pro - SQL Server; Oracle; PostgreSQL; SAP HANA; Connecting; Administering; Editing; Versioning; Reconcile/Post; Views; Query Layers; Locks; Indexes, 
ArcGIS Open Data - Implementation,Installation; Named User; Single-Use and Concurrent Licensing; Configuration, 
ArcGIS for Aviation: Charting - Online,ArcGIS Online - Solution configuration; add-in setup; templates; and workflows, 
ArcGIS for Aviation: Charting - Desktop,ArcMap or ArcGIS Pro - Solution configuration; add-in setup; templates; and workflows, 
ArcGIS for Aviation: Charting - Enterprise,ArcGIS Enterprise - Solution configuration; add-in setup; templates; and workflows, 
ArcGIS for Defense - Online,ArcGIS Online - Solution configuration; add-in setup; templates; and workflows, 
ArcGIS for Defense - Desktop,ArcMap or ArcGIS Pro - Solution configuration; add-in setup; templates; and workflows, 
ArcGIS for Defense - Enterprise,ArcGIS Enterprise - Solution configuration; add-in setup; templates; and workflows, 
ArcGIS for Electric Utilities - Online,ArcGIS Online - Solution configuration; add-in setup; templates; and workflows, 
ArcGIS for Electric Utilities - Desktop,ArcMap or ArcGIS Pro - Solution configuration; add-in setup; templates; and workflows, 
ArcGIS for Electric Utilities - Enterprise,ArcGIS Enterprise - Solution configuration; add-in setup; templates; and workflows, 
ArcGIS for Emergency Management - Online,ArcGIS Online - Solution configuration; add-in setup; templates; and workflows, 
ArcGIS for Emergency Management - Desktop,ArcMap or ArcGIS Pro - Solution configuration; add-in setup; templates; and workflows, 
ArcGIS for Emergency Management - Enterprise,ArcGIS Enterprise - Solution configuration; add-in setup; templates; and workflows, 
ArcGIS for INSPIRE - Online,ArcGIS Online - Solution configuration; add-in setup; templates; and workflows, 
ArcGIS for INSPIRE - Desktop,ArcMap or ArcGIS Pro - Solution configuration; add-in setup; templates; and workflows, 
ArcGIS for INSPIRE - Enterprise,ArcGIS Enterprise - Solution configuration; add-in setup; templates; and workflows, 
ArcGIS for Personal Use - Online,ArcGIS Online - Solution configuration; add-in setup; templates; and workflows, 
ArcGIS for Personal Use - Desktop,ArcMap or ArcGIS Pro - Solution configuration; add-in setup; templates; and workflows, 
ArcGIS for Personal Use - Enterprise,ArcGIS Enterprise - Solution configuration; add-in setup; templates; and workflows, 
ArcGIS for Student Use - Online,ArcGIS Online - Solution configuration; add-in setup; templates; and workflows, 
ArcGIS for Student Use - Desktop,ArcMap or ArcGIS Pro - Solution configuration; add-in setup; templates; and workflows, 
ArcGIS for Student Use - Enterprise,ArcGIS Enterprise - Solution configuration; add-in setup; templates; and workflows, 
ArcGIS for Telecommunications - Online,ArcGIS Online - Solution configuration; add-in setup; templates; and workflows, 
ArcGIS for Telecommunications - Desktop,ArcMap or ArcGIS Pro - Solution configuration; add-in setup; templates; and workflows, 
ArcGIS for Telecommunications - Enterprise,ArcGIS Enterprise - Solution configuration; add-in setup; templates; and workflows, 
